{
    "loss": 257.3677978515625,
    "accuracy": 0.3191489279270172
}